web-scraper-order,web-scraper-start-url,title
"1547143908-320","https://www.trovaprezzi.it/prezzi_cellulari_5.aspx","Alcatel ot 10-54d grey"
"1547143883-93","https://www.trovaprezzi.it/prezzi_cellulari_16.aspx","Nokia 130 2017 telefono cellulare dual sim display 1,8 pollici colore grigio"
"1547143912-352","https://www.trovaprezzi.it/prezzi_cellulari_3.aspx","TUCANO Marsupio Spertivo Smartphone BLU"
"1547143905-288","https://www.trovaprezzi.it/prezzi_cellulari_6.aspx","BULLTEK Power Bank Bulltek Y3R 8400MH White"
"1547143890-153","https://www.trovaprezzi.it/prezzi_cellulari_13.aspx","Wiko Telefono cellulare Wiko riff3 black 2.4in"
"1547143912-341","https://www.trovaprezzi.it/prezzi_cellulari_3.aspx","INLINE Ottica Smartphone 55492 Lente 2.80X"
"1547143908-307","https://www.trovaprezzi.it/prezzi_cellulari_5.aspx","Alcatel 10.54D DUAL SIM 1.8 BLUETOOTH TORCIA MP3 ITALIA GREYGREY 1054D-3AALIT1"
"1547143896-214","https://www.trovaprezzi.it/prezzi_cellulari_10.aspx","Nokia 105 telefono cellulare dual sim display 1,8 pollici colore nero"
"1547143914-378","https://www.trovaprezzi.it/prezzi_cellulari_2.aspx","TREVI Custodia UNIV. PER Smartphone Trevi"
"1547143912-349","https://www.trovaprezzi.it/prezzi_cellulari_3.aspx","LG CELLULARE LG C195 QB 2MP WIFI BTH MP3/MOBILTELEFON LG C195"
"1547143912-355","https://www.trovaprezzi.it/prezzi_cellulari_3.aspx","TUCANO Marsupio Spertivo Smartphone Rosso"
"1547143894-188","https://www.trovaprezzi.it/prezzi_cellulari_11.aspx","Nokia Telefono cellulare 105 Dual Sim Blue"
"1547143912-353","https://www.trovaprezzi.it/prezzi_cellulari_3.aspx","TUCANO Fascia DA Braccio X Smartphone Ross"
"1547143890-148","https://www.trovaprezzi.it/prezzi_cellulari_13.aspx","BRONDI WNDOW NERO"
"1547143914-364","https://www.trovaprezzi.it/prezzi_cellulari_2.aspx","INLINE Supporto Parabrezz 23155E Universal"
"1547143898-229","https://www.trovaprezzi.it/prezzi_cellulari_9.aspx","BRONDI OYSTER S"
"1547143877-22","https://www.trovaprezzi.it/prezzi_cellulari_19.aspx","Mediacom Facile Rosso - EasyPhone"
"1547143875-15","https://www.trovaprezzi.it/prezzi_cellulari_20.aspx","BRONDI Amico Semplice + NERO"
"1547143916-400","https://www.trovaprezzi.it/prezzi_cellulari_1.aspx","TREVI Asta Selfie Telescopico"
"1547143881-74","https://www.trovaprezzi.it/prezzi_cellulari_17.aspx","Saiet Telefono cellulare Saiet like st-mc 10"
"1547143905-296","https://www.trovaprezzi.it/prezzi_cellulari_6.aspx","BULLTEK Power Bank Bulltek Y4J 10400M Gold"
"1547143894-183","https://www.trovaprezzi.it/prezzi_cellulari_11.aspx","NOKIA 105 BLUE"
"1547143888-124","https://www.trovaprezzi.it/prezzi_cellulari_14.aspx","OK Omp 90 Black"
"1547143900-253","https://www.trovaprezzi.it/prezzi_cellulari_8.aspx","Ngm Mobile NGM B2 cellulare, dual Sim, 2.4'', bluetooth, nero"
"1547143914-363","https://www.trovaprezzi.it/prezzi_cellulari_2.aspx","TUCANO Custodia Impermeabile X Smartphone"
"1547143890-149","https://www.trovaprezzi.it/prezzi_cellulari_13.aspx","BRONDI ROSE BLADE"
"1547143881-73","https://www.trovaprezzi.it/prezzi_cellulari_17.aspx","NOKIA 130 (2017) Dual SIM"
"1547143886-118","https://www.trovaprezzi.it/prezzi_cellulari_15.aspx","Kooper 2410863 Telefono Cellulare, Nero"
"1547143903-278","https://www.trovaprezzi.it/prezzi_cellulari_7.aspx","BRONDI EROS"
"1547143910-326","https://www.trovaprezzi.it/prezzi_cellulari_4.aspx","CELLY Supporto Parabrezz Celly Ghostplus"
"1547143912-354","https://www.trovaprezzi.it/prezzi_cellulari_3.aspx","TUCANO CUST. UNIV. X Smartphone L Rosso"
"1547143912-350","https://www.trovaprezzi.it/prezzi_cellulari_3.aspx","Generic CELLULARE EASY PHONE nordmende ND9 9K"
"1547143883-82","https://www.trovaprezzi.it/prezzi_cellulari_16.aspx","Huawei SMARTPHONE HUAWEI Y330"
"1547143875-19","https://www.trovaprezzi.it/prezzi_cellulari_20.aspx","NOKIA 216 Dual SIM"
"1547143883-81","https://www.trovaprezzi.it/prezzi_cellulari_16.aspx","LG CELLULARE LG KP500 COOKIE/HANDY KP500 COOKIE"
"1547143916-383","https://www.trovaprezzi.it/prezzi_cellulari_1.aspx","TECHMADE PELLICOLA PROTETTIVA PER C502 6,3 LUCIDA"
"1547143912-346","https://www.trovaprezzi.it/prezzi_cellulari_3.aspx","ngm CELLULARE NGM BLADE CON 4 COVER INCLUSE"
"1547143875-10","https://www.trovaprezzi.it/prezzi_cellulari_20.aspx","NGM C2 Silver"
"1547143900-247","https://www.trovaprezzi.it/prezzi_cellulari_8.aspx","OEM Auricolare Bluetooth (IOS) (ADROID)"
"1547143888-131","https://www.trovaprezzi.it/prezzi_cellulari_14.aspx","BRONDI OYSTER S ROSSO"
"1547143910-334","https://www.trovaprezzi.it/prezzi_cellulari_4.aspx","Brondi DUKE S 2.4'' Nero Caratteristica del telefono"
"1547143881-69","https://www.trovaprezzi.it/prezzi_cellulari_17.aspx","Nordmende BIG 51S Black - ITALIA [NO BRAND]"
"1547143890-154","https://www.trovaprezzi.it/prezzi_cellulari_13.aspx","Wiko Telefono cellulare Wiko riff3 white 2.4in"
"1547143912-358","https://www.trovaprezzi.it/prezzi_cellulari_3.aspx","TUCANO CUST. UNIV. X Smartphone L BLU"
"1547143879-41","https://www.trovaprezzi.it/prezzi_cellulari_18.aspx","NORDMENDE Lite 401 Bianco"
"1547143883-94","https://www.trovaprezzi.it/prezzi_cellulari_16.aspx","Brondi amico semplice + telefono cellulare 1,8 dual sim bluetooth colore nero"
"1547143888-132","https://www.trovaprezzi.it/prezzi_cellulari_14.aspx","BRONDI BRIO NERO/BLU"
"1547143883-89","https://www.trovaprezzi.it/prezzi_cellulari_16.aspx","BRONDI AMICO SEMPLICE +"
"1547143879-46","https://www.trovaprezzi.it/prezzi_cellulari_18.aspx","NORDMENDE LITE310F.WTS"
"1547143875-3","https://www.trovaprezzi.it/prezzi_cellulari_20.aspx","BRONDI Amico Semplice + Nero"
"1547143916-395","https://www.trovaprezzi.it/prezzi_cellulari_1.aspx","BULLTEK Power Bank Bulltek Y1E 2600MAH BLU"
"1547143914-375","https://www.trovaprezzi.it/prezzi_cellulari_2.aspx","TREVI Custodia UNIV. PER Smartphone Trevi"
"1547143894-192","https://www.trovaprezzi.it/prezzi_cellulari_11.aspx","NOKIA 105 2017 DUAL SIM BLUE"
"1547143910-331","https://www.trovaprezzi.it/prezzi_cellulari_4.aspx","BRONDI RAMOS"
"1547143900-259","https://www.trovaprezzi.it/prezzi_cellulari_8.aspx","SAMSUNG CELLULARE SAMSUNG GTE1080/MOBILTELEFON SAMSUNG GTE1080"
"1547143908-304","https://www.trovaprezzi.it/prezzi_cellulari_5.aspx","CELLY MU PU Agenda Galaxy S4 White"
"1547143908-310","https://www.trovaprezzi.it/prezzi_cellulari_5.aspx","BULLTEK Power Bank Bulltek Y2Q 5600MAH Gold"
"1547143908-305","https://www.trovaprezzi.it/prezzi_cellulari_5.aspx","Wiko Cellulare Wiko Lubi 5 1.8 2G Dual Sim nero [WIKLUBI5BLAST]"
"1547143875-8","https://www.trovaprezzi.it/prezzi_cellulari_20.aspx","Archos Flip 2 Phone 2.4'' 77g"
"1547143877-25","https://www.trovaprezzi.it/prezzi_cellulari_19.aspx","Brondi Amico Semplice Telefono Cellulare tasti grandi colore Nero Dual Sim"
"1547143914-374","https://www.trovaprezzi.it/prezzi_cellulari_2.aspx","TREVI Custodia UNIV. PER Smartphone Trevi"
"1547143896-217","https://www.trovaprezzi.it/prezzi_cellulari_10.aspx","Nokia 105 (2017) Telefono Cellulare 4MB Display 1.8 Dual Sim Black"
"1547143905-292","https://www.trovaprezzi.it/prezzi_cellulari_6.aspx","Archos Core 18F 1.77'' 64g Nero, Blu Caratteristica del telefono"
"1547143896-201","https://www.trovaprezzi.it/prezzi_cellulari_10.aspx","LG CELLULARE LG KP500 COOKIE rosa"
"1547143892-169","https://www.trovaprezzi.it/prezzi_cellulari_12.aspx","CELLY KIT Vivavoce Celly X Auto ANY5"
"1547143890-145","https://www.trovaprezzi.it/prezzi_cellulari_13.aspx","BRONDI GOLD BLADE GOLD"
"1547143888-126","https://www.trovaprezzi.it/prezzi_cellulari_14.aspx","Alcatel Telefono cellulare Alcatel 2053d-2aalw81"
"1547143888-127","https://www.trovaprezzi.it/prezzi_cellulari_14.aspx","Brondi Tex 2.4'' Nero Caratteristica del telefono"
"1547143894-190","https://www.trovaprezzi.it/prezzi_cellulari_11.aspx","NOKIA 105 2017 DUAL SIM BLACK"
"1547143910-340","https://www.trovaprezzi.it/prezzi_cellulari_4.aspx","Maxcom Telefono cellulare Maxcom mm135 blue"
"1547143881-71","https://www.trovaprezzi.it/prezzi_cellulari_17.aspx","BRONDI Amico Gentile+"
"1547143916-384","https://www.trovaprezzi.it/prezzi_cellulari_1.aspx","TECHMADE MINI STYLUS PENPER TABLET E SMARTPHONE"
"1547143879-56","https://www.trovaprezzi.it/prezzi_cellulari_18.aspx","Panasonic KXTU150EXR ROSSO GSM SENIOR PA"
"1547143888-135","https://www.trovaprezzi.it/prezzi_cellulari_14.aspx","NGM C1 Silver"
"1547143905-298","https://www.trovaprezzi.it/prezzi_cellulari_6.aspx","BULLTEK Power Bank Bulltek Y4J 10400M S-BLU"
"1547143896-206","https://www.trovaprezzi.it/prezzi_cellulari_10.aspx","BRONDI BRIO"
"1547143900-241","https://www.trovaprezzi.it/prezzi_cellulari_8.aspx","OEM Asta Selfie PER Smartphone OEM"
"1547143888-123","https://www.trovaprezzi.it/prezzi_cellulari_14.aspx","BRONDI Brio Red"
"1547143879-45","https://www.trovaprezzi.it/prezzi_cellulari_18.aspx","Majestic Cellulare Majestic Sileno 31"
"1547143877-35","https://www.trovaprezzi.it/prezzi_cellulari_19.aspx","PNI Auricolare Bluetooth PNI BT-MIKE 7500 con PTT, doppio canale compatibile con PNI BT-DONGLE 8001 e telefono cellulare"
"1547143896-204","https://www.trovaprezzi.it/prezzi_cellulari_10.aspx","TTsims Telefono cellulare a conchiglia Flip TT140 Fotocamera Bluetooth Il telefono cellulare pieghevole più economico - Nero"
"1547143883-88","https://www.trovaprezzi.it/prezzi_cellulari_16.aspx","AEG M1250 Telefono Cellulare con Schermo LCD da 2.4, Nero"
"1547143875-9","https://www.trovaprezzi.it/prezzi_cellulari_20.aspx","Brondi Amico Semplice Plus 1.8'' Bianco Caratteristica del telefono"
"1547143903-267","https://www.trovaprezzi.it/prezzi_cellulari_7.aspx","TIM Alcatel 1066 Volcano Black"
"1547143910-332","https://www.trovaprezzi.it/prezzi_cellulari_4.aspx","Brondi duke s telefono cellulare dual sim colore nero"
"1547143898-227","https://www.trovaprezzi.it/prezzi_cellulari_9.aspx","Brondi Telefono cellulare Brondi oyster s"
"1547143879-51","https://www.trovaprezzi.it/prezzi_cellulari_18.aspx","NGM C2 DUAL SIM"
"1547143886-101","https://www.trovaprezzi.it/prezzi_cellulari_15.aspx","NGM C1 Black"
"1547143905-287","https://www.trovaprezzi.it/prezzi_cellulari_6.aspx","BULLTEK Power Bank Bulltek Y3R 8400MAH Gree"
"1547143896-202","https://www.trovaprezzi.it/prezzi_cellulari_10.aspx","BULLTEK Power Bank Bulltek Y4K 10400M White"
"1547143892-167","https://www.trovaprezzi.it/prezzi_cellulari_12.aspx","ALCATEL CELLULARI ALCATEL 2053D-2AALW81"
"1547143881-70","https://www.trovaprezzi.it/prezzi_cellulari_17.aspx","NOKIA 130 (2017) Dual SIM"
"1547143916-385","https://www.trovaprezzi.it/prezzi_cellulari_1.aspx","LINDY Cavo USB per ricarica e sincronizzazione iPad"
"1547143910-333","https://www.trovaprezzi.it/prezzi_cellulari_4.aspx","OK OMP 10 BLACK"
"1547143896-210","https://www.trovaprezzi.it/prezzi_cellulari_10.aspx","Wiko Telefono cellulare Lubi 4 Black-White"
"1547143879-42","https://www.trovaprezzi.it/prezzi_cellulari_18.aspx","Maxcom Telefono cellulare Maxcom mm462"
"1547143883-98","https://www.trovaprezzi.it/prezzi_cellulari_16.aspx","NOKIA Cellulare Dual Sim Nokia 130 rosso A00028613"
"1547143908-312","https://www.trovaprezzi.it/prezzi_cellulari_5.aspx","CELLY Auricolare Bluetooth Celly BH11 WH"
"1547143896-215","https://www.trovaprezzi.it/prezzi_cellulari_10.aspx","Trevi SICURO 10 Telefono Cellulare per Anziani con Tasti Grandi, Funzione SOS, Base di Ricarica, Bianco"
"1547143910-322","https://www.trovaprezzi.it/prezzi_cellulari_4.aspx","CELLY Supporto UNIV. Celly Olympiaxl"
"1547143890-160","https://www.trovaprezzi.it/prezzi_cellulari_13.aspx","Brondi Window Telefono Cellulare, Blu/Viola"
"1547143894-200","https://www.trovaprezzi.it/prezzi_cellulari_11.aspx","alcatel CELLULARE ALCATEL 2010D BIANCO"
"1547143905-299","https://www.trovaprezzi.it/prezzi_cellulari_6.aspx","BULLTEK Power Bank Bulltek Y4J 10400M Silve"
"1547143903-264","https://www.trovaprezzi.it/prezzi_cellulari_7.aspx","NOKIA 130 - DUAL SIM BLACK"
"1547143886-120","https://www.trovaprezzi.it/prezzi_cellulari_15.aspx","Master Telefonia-Tablet TELEFONO CELLULARE MASTER DISPLAY 2.4, DUAL SIM, DUAL BAND GSM, RADIO FM MP3 NERO MF024"
"1547143896-218","https://www.trovaprezzi.it/prezzi_cellulari_10.aspx","Brondi Oyster S 1.77'' Bianco Caratteristica del telefono"
"1547143890-152","https://www.trovaprezzi.it/prezzi_cellulari_13.aspx","Saiet Cellulare Saiet Like ST-MC10 gold [13500718]"
"1547143896-213","https://www.trovaprezzi.it/prezzi_cellulari_10.aspx","New Majestic TLF-SILENO 30 1.77 78g Nero Caratteristica del telefono GARANZIA ITALIA"
"1547143877-34","https://www.trovaprezzi.it/prezzi_cellulari_19.aspx","NOKIA 216 DUAL SIM GREY Grey"
"1547143908-302","https://www.trovaprezzi.it/prezzi_cellulari_5.aspx","ALCATEL CELLULARI OT 10-54D"
"1547143890-147","https://www.trovaprezzi.it/prezzi_cellulari_13.aspx","BRONDI FOX NERO"
"1547143881-61","https://www.trovaprezzi.it/prezzi_cellulari_17.aspx","Maxcom Telefono cellulare Maxcom mm720"
"1547143877-30","https://www.trovaprezzi.it/prezzi_cellulari_19.aspx","NGM-Mobile Facile Clic 1.77'' 10g Nero Telefono di livello base"
"1547143883-83","https://www.trovaprezzi.it/prezzi_cellulari_16.aspx","Huawei Ascend Y330 Smartphone TFT Touchscreen colore nero"
"1547143883-92","https://www.trovaprezzi.it/prezzi_cellulari_16.aspx","Nokia 130 2017 telefono cellulare dual sim display 1,8 pollici colore nero"
"1547143916-382","https://www.trovaprezzi.it/prezzi_cellulari_1.aspx","TECHMADE PELLICOLA PROTETTIVA PER C451 5,6 LUCIDA"
"1547143892-166","https://www.trovaprezzi.it/prezzi_cellulari_12.aspx","Brondi window telefono cellulare 1,77 dual sim flip bluetooth fotocamera 1,3 mpx"
"1547143879-60","https://www.trovaprezzi.it/prezzi_cellulari_18.aspx","Brondi Telefono cellulare Brondi amico semplice plus"
"1547143900-242","https://www.trovaprezzi.it/prezzi_cellulari_8.aspx","Beafon C40 1,8 58 g-Telefono cellulare doppia SIM, calcolatrice, calendario, agli ioni di litio, GSM, Polifónico, 160 x 128 Pixeles)"
"1547143916-387","https://www.trovaprezzi.it/prezzi_cellulari_1.aspx","SONQUI CELLULARE SONQUI GO COLOR"
"1547143883-91","https://www.trovaprezzi.it/prezzi_cellulari_16.aspx","Brondi amico gentile + telefono cellulare dual sim colore bianco"
"1547143908-318","https://www.trovaprezzi.it/prezzi_cellulari_5.aspx","Nokia Cellulare Nokia 105 (2017) Dual-Sim nero"
"1547143903-274","https://www.trovaprezzi.it/prezzi_cellulari_7.aspx","NGM Simple White"
"1547143910-338","https://www.trovaprezzi.it/prezzi_cellulari_4.aspx","Brondi Telefono cellulare Duke S"
"1547143912-356","https://www.trovaprezzi.it/prezzi_cellulari_3.aspx","TUCANO CUST. UNIV. X Smartphone M Nero"
"1547143877-26","https://www.trovaprezzi.it/prezzi_cellulari_19.aspx","Majestic Cellulare Majestic LUCKY 61 FLIP Si 2.4"" 1.3 MP 800mAh 300061"
"1547143914-370","https://www.trovaprezzi.it/prezzi_cellulari_2.aspx","INLINE Custodia IMPERM. 55437 X Smartphone"
"1547143888-137","https://www.trovaprezzi.it/prezzi_cellulari_14.aspx","NGM Compact Black"
"1547143894-182","https://www.trovaprezzi.it/prezzi_cellulari_11.aspx","NOKIA 105 WHITE"
"1547143900-244","https://www.trovaprezzi.it/prezzi_cellulari_8.aspx","SWAROVSKI White Diamonds Lipstick Heart Galax"
"1547143903-266","https://www.trovaprezzi.it/prezzi_cellulari_7.aspx","Archos Access 18F 1.77'' 65g Nero Telefono per anziani"
"1547143896-216","https://www.trovaprezzi.it/prezzi_cellulari_10.aspx","Nokia 105 (2017) Telefono Cellulare 4MB Display 1.8 Dual Sim White"
"1547143877-24","https://www.trovaprezzi.it/prezzi_cellulari_19.aspx","Mediacom Facile Blu - EasyPhone"
"1547143898-232","https://www.trovaprezzi.it/prezzi_cellulari_9.aspx","Wiko Сellulare riff 3, 2.4'' 83.5 g bianco GARANZIA ITALIA"
"1547143912-351","https://www.trovaprezzi.it/prezzi_cellulari_3.aspx","MODECOM Visore 3D Modecom FreeHands G1"
"1547143900-251","https://www.trovaprezzi.it/prezzi_cellulari_8.aspx","NOONTEC Power Bank Noontec Polo Black 5000M"
"1547143881-76","https://www.trovaprezzi.it/prezzi_cellulari_17.aspx","LG T375 Cellulare Dual Sim Touch Display 3 2 Pollici Wi Fi Bluetooth Colore Nero"
"1547143888-129","https://www.trovaprezzi.it/prezzi_cellulari_14.aspx","Archos F28 2.8'' 100g Verde Caratteristica del telefono"
"1547143875-12","https://www.trovaprezzi.it/prezzi_cellulari_20.aspx","BRONDI AMICO SEMPLICE + BIANCO"
"1547143894-189","https://www.trovaprezzi.it/prezzi_cellulari_11.aspx","NGM-Mobile Raptor 2.3'' 112g Grigio"
"1547143900-255","https://www.trovaprezzi.it/prezzi_cellulari_8.aspx","Brondi Telefono cellulare Cell claim rosso"
"1547143875-7","https://www.trovaprezzi.it/prezzi_cellulari_20.aspx","Archos Flip Phone 2.7'' 106g"
"1547143896-207","https://www.trovaprezzi.it/prezzi_cellulari_10.aspx","BRONDI GOLD BLADE"
"1547143910-324","https://www.trovaprezzi.it/prezzi_cellulari_4.aspx","BULLTEK Power Bank Bulltek Y52Z 5200M Pink"
"1547143916-390","https://www.trovaprezzi.it/prezzi_cellulari_1.aspx","BULLTEK Power Bank Bulltek Y1I 2600MAH Gold"
"1547143892-162","https://www.trovaprezzi.it/prezzi_cellulari_12.aspx","Brondi Cellulare Brondi OYSTER S Doppia SIM 4,5 cm (1.77) 1,3 MP 600 mAh Ioni di Litio 10273691"
"1547143892-177","https://www.trovaprezzi.it/prezzi_cellulari_12.aspx","BRONDI BRIO"
"1547143888-130","https://www.trovaprezzi.it/prezzi_cellulari_14.aspx","Archos F28 2.8'' 100g Nero"
"1547143898-235","https://www.trovaprezzi.it/prezzi_cellulari_9.aspx","NOONTEC Power Bank Noontec Cube 10000M WH"
"1547143898-238","https://www.trovaprezzi.it/prezzi_cellulari_9.aspx","alcatel CELLULARE ALCATEL OT 355 DUAL SIM"
"1547143905-289","https://www.trovaprezzi.it/prezzi_cellulari_6.aspx","BRONDI DUKE S"
"1547143894-196","https://www.trovaprezzi.it/prezzi_cellulari_11.aspx","BRONDI FOX NERO"
"1547143883-84","https://www.trovaprezzi.it/prezzi_cellulari_16.aspx","alcatel CELLULARE ALCATEL OT 903 DUAL SIM NERO/HANDY ALCATEL OT 903 DUAL SIM NERO"
"1547143875-1","https://www.trovaprezzi.it/prezzi_cellulari_20.aspx","DORO Primo 401 Red"
"1547143914-361","https://www.trovaprezzi.it/prezzi_cellulari_2.aspx","TUCANO Marsupio Sportivo Smartphone Fucsia"
"1547143900-246","https://www.trovaprezzi.it/prezzi_cellulari_8.aspx","OEM Auricolare Bluetooth (IOS) (ADROID)"
"1547143905-285","https://www.trovaprezzi.it/prezzi_cellulari_6.aspx","MINI CELLULARE TELEFONO TASCABILE BM 10 DUAL SIM GSM LETTORE MP3 BLUETOOTH"
"1547143879-59","https://www.trovaprezzi.it/prezzi_cellulari_18.aspx","PANASONIC KX-TU150EXB DS CELLULARE NERO"
"1547143910-339","https://www.trovaprezzi.it/prezzi_cellulari_4.aspx","MXD TELEFONO DUAL SIM GSM RADIO BLUETOOTH MP3 FOTOCAMERA COLORE NERO"
"1547143916-386","https://www.trovaprezzi.it/prezzi_cellulari_1.aspx","LINDY Cavo AV e ricarica per iPhone e iPod, 1,5m"
"1547143875-6","https://www.trovaprezzi.it/prezzi_cellulari_20.aspx","Panasonic Telefono cellulare Kx-tu150exc"
"1547143894-186","https://www.trovaprezzi.it/prezzi_cellulari_11.aspx","Brondi Fox 1 77 74g Black Feature phone - Mobile Phones Flip, Dual SIM, 4 5 cm 1 77 , 1 3 MP, 600 mAh, Black"
"1547143898-236","https://www.trovaprezzi.it/prezzi_cellulari_9.aspx","LG CELLULARE LG A100 GREY/MOBILTELEFON LG A100"
"1547143896-220","https://www.trovaprezzi.it/prezzi_cellulari_10.aspx","Nokia 105 2017 Telefono Cellulare, 4 MB, Bianco [Italia]"
"1547143896-203","https://www.trovaprezzi.it/prezzi_cellulari_10.aspx","INLINE Auricolare Inline Earphone B.TOOTH"
"1547143910-336","https://www.trovaprezzi.it/prezzi_cellulari_4.aspx","INLINE Ottica Smartphone 55490 Lente 0.39X"
"1547143914-369","https://www.trovaprezzi.it/prezzi_cellulari_2.aspx","TECHMADE CARICATORE INTERNAZIONALE DA PARETE USB"
"1547143888-121","https://www.trovaprezzi.it/prezzi_cellulari_14.aspx","AEG M1500 Telefono Cellulare con Schermo LCD da 1.8, Nero"
"1547143903-280","https://www.trovaprezzi.it/prezzi_cellulari_7.aspx","BRONDI DUKE S"
"1547143910-330","https://www.trovaprezzi.it/prezzi_cellulari_4.aspx","ALCATEL CELLULARI ALCATEL 1066D-2AALIT1"
"1547143875-17","https://www.trovaprezzi.it/prezzi_cellulari_20.aspx","PANASONIC KX-TU150EXR"
"1547143912-343","https://www.trovaprezzi.it/prezzi_cellulari_3.aspx","CELLY Supporto Parabrezz Celly Ghost"
"1547143883-90","https://www.trovaprezzi.it/prezzi_cellulari_16.aspx","BRONDI AMICO SEMPLICE +"
"1547143894-191","https://www.trovaprezzi.it/prezzi_cellulari_11.aspx","NOKIA 105 Dual Sim BLACK"
"1547143903-262","https://www.trovaprezzi.it/prezzi_cellulari_7.aspx","Brondi Cellulare Brondi TEX Doppia SIM 6,1 cm (2.4) 1,3 MP 700 mAh Ioni di Litio 10273860"
"1547143879-52","https://www.trovaprezzi.it/prezzi_cellulari_18.aspx","TECHNAXX AURIC. Btooth IN-EAR X25 55697K CAR"
"1547143910-323","https://www.trovaprezzi.it/prezzi_cellulari_4.aspx","Cellulare Alcatel OT 10-66 nero [1066D-2AALIT1]"
"1547143881-63","https://www.trovaprezzi.it/prezzi_cellulari_17.aspx","Nokia 130 2017 Telefono Cellulare, 8 GB, Grigio"
"1547143905-283","https://www.trovaprezzi.it/prezzi_cellulari_6.aspx","Wiko LUBI4 1.77'' 68g Nero, Bianco Telefono di livello base"
"1547143900-257","https://www.trovaprezzi.it/prezzi_cellulari_8.aspx","Nordmende Lite 110 1,77 Display - Black - ITALIA [NO BRAND]"
"1547143896-208","https://www.trovaprezzi.it/prezzi_cellulari_10.aspx","Brondi brio 2.4'' 69g Nero, Titanio Telefono di livello base"
"1547143910-335","https://www.trovaprezzi.it/prezzi_cellulari_4.aspx","Wiko mobile Wiko lubi5 telefono cellulare dispaly 1.8 dual sim mp3 bluetooth colore nero"
"1547143894-194","https://www.trovaprezzi.it/prezzi_cellulari_11.aspx","WIKO RIFF3"
"1547143903-275","https://www.trovaprezzi.it/prezzi_cellulari_7.aspx","WIKO MOBILE LUBI5 Nero"
"1547143914-366","https://www.trovaprezzi.it/prezzi_cellulari_2.aspx","INNO HIT CELLULARE DUAL SIM IH100 DUE/MOBILTELEFON DUAL SIM IH100 DUE"
"1547143910-337","https://www.trovaprezzi.it/prezzi_cellulari_4.aspx","Wiko Lubi 5 1.8'' 73g Nero"
"1547143886-110","https://www.trovaprezzi.it/prezzi_cellulari_15.aspx","Brondi Amico Semplice + Telefono Cellulare, Nero"
"1547143905-291","https://www.trovaprezzi.it/prezzi_cellulari_6.aspx","Archos Core 18F 4,5 cm (1.77'') 64 g Nero, Giallo Caratteristica del te"
"1547143900-252","https://www.trovaprezzi.it/prezzi_cellulari_8.aspx","NOONTEC Power Bank Noontec Polo White 5000M"
"1547143912-345","https://www.trovaprezzi.it/prezzi_cellulari_3.aspx","i-INN CELLULARE I INN JO BTH FM"
"1547143890-156","https://www.trovaprezzi.it/prezzi_cellulari_13.aspx","BRONDI OYSTER S NERO"
"1547143892-171","https://www.trovaprezzi.it/prezzi_cellulari_12.aspx","BULLTEK Power Bank Bulltek Y4K 13000M White"
"1547143908-308","https://www.trovaprezzi.it/prezzi_cellulari_5.aspx","CELLY Supporto Auto Samsung GALAX. S6"
"1547143908-309","https://www.trovaprezzi.it/prezzi_cellulari_5.aspx","CELLY Supporto Auto Samsung GALAX.S6 Edge"
"1547143892-163","https://www.trovaprezzi.it/prezzi_cellulari_12.aspx","Saiet like st-mb20 nero cellulare dual sim"
"1547143886-111","https://www.trovaprezzi.it/prezzi_cellulari_15.aspx","ARCHOS Telefono cellulare Flip 2"
"1547143900-243","https://www.trovaprezzi.it/prezzi_cellulari_8.aspx","Wiko mobile Wiko riff 3 telefono cellulare display 2,4 dual sim mp3 bluetooth colore nero"
"1547143881-80","https://www.trovaprezzi.it/prezzi_cellulari_17.aspx","Nordmende Lite 401 Telefono Cellulare, Memoria Interna da 16 MB, Bianco [Versione Italiana]"
"1547143877-21","https://www.trovaprezzi.it/prezzi_cellulari_19.aspx","Alcatel Telefono cellulare 2038x-3balit1"
"1547143879-58","https://www.trovaprezzi.it/prezzi_cellulari_18.aspx","PANASONIC KX-TU150EXR DS CELLULARE ROSSO"
"1547143903-272","https://www.trovaprezzi.it/prezzi_cellulari_7.aspx","BRONDI DUKE S NERO"
"1547143912-359","https://www.trovaprezzi.it/prezzi_cellulari_3.aspx","TUCANO CUST. UNIV. X Smartphone M Rosso"
"1547143903-271","https://www.trovaprezzi.it/prezzi_cellulari_7.aspx","NGM Simple Red"
"1547143914-379","https://www.trovaprezzi.it/prezzi_cellulari_2.aspx","TUCANO CUST. UNIV. X Smartphone S Nero"
"1547143888-136","https://www.trovaprezzi.it/prezzi_cellulari_14.aspx","NGM C1 White"
"1547143914-371","https://www.trovaprezzi.it/prezzi_cellulari_2.aspx","AKAI CELLULARE DUAL SIM"
"1547143877-39","https://www.trovaprezzi.it/prezzi_cellulari_19.aspx","Doro Primo 401 Telefono cellulare GSM con grande display a colori e illuminato"
"1547143898-223","https://www.trovaprezzi.it/prezzi_cellulari_9.aspx","Echo First Plus 2 Telefono Cellulare, Memoria Interna da 1 GB, Grigio/Antracite"
"1547143900-254","https://www.trovaprezzi.it/prezzi_cellulari_8.aspx","Maxcom Telefono cellulare Maxcom mm142"
"1547143914-373","https://www.trovaprezzi.it/prezzi_cellulari_2.aspx","OEM Auricolare Bluetooth Omega 56686"
"1547143877-27","https://www.trovaprezzi.it/prezzi_cellulari_19.aspx","Majestic Cellulare Majestic LUCKY 61 FLIP Si 2.4"" 1.3 MegaPixel litio da 800mAh 300061"
"1547143900-245","https://www.trovaprezzi.it/prezzi_cellulari_8.aspx","INLINE Ottica Smartphone 55491 Lente 0.30X"
"1547143905-282","https://www.trovaprezzi.it/prezzi_cellulari_6.aspx","Wiko LUBI4 1.77'' 68g Nero Telefono di livello base"
"1547143881-79","https://www.trovaprezzi.it/prezzi_cellulari_17.aspx","alcatel CELLULARE ALCATEL OT808 CUBOTTO ROSA/HANDY ALCATEL OT808 PINK"
"1547143903-270","https://www.trovaprezzi.it/prezzi_cellulari_7.aspx","NGM Simple Blue"
"1547143879-50","https://www.trovaprezzi.it/prezzi_cellulari_18.aspx","Alcatel 2038x grey"
"1547143910-325","https://www.trovaprezzi.it/prezzi_cellulari_4.aspx","CELLY Supporto UNIV. Celly Flex 12"
"1547143912-342","https://www.trovaprezzi.it/prezzi_cellulari_3.aspx","CELLY Supporto UNIV. Airvent Minnigrippro"
"1547143877-38","https://www.trovaprezzi.it/prezzi_cellulari_19.aspx","Nokia 216 Telefono Cellulare, Memoria Interna da 16 MB, Grigio"
"1547143908-313","https://www.trovaprezzi.it/prezzi_cellulari_5.aspx","TREVI Asta Selfie Bluetooth Telescopico"
"1547143875-4","https://www.trovaprezzi.it/prezzi_cellulari_20.aspx","Majestic Cellulare Majestic TLF-SILENO 31"
"1547143883-99","https://www.trovaprezzi.it/prezzi_cellulari_16.aspx","Nokia 130 1.8'' 68.6g Nero Telefono di livello base"
"1547143910-328","https://www.trovaprezzi.it/prezzi_cellulari_4.aspx","TREVI Custodia UNIV. PER Smartphone Trevi"
"1547143877-37","https://www.trovaprezzi.it/prezzi_cellulari_19.aspx","AEG Voxtel M320 Telefono Cellulare con Grandi Tasti, Tasto Sos e Schermo LCD da 1.8, Nero"
"1547143905-297","https://www.trovaprezzi.it/prezzi_cellulari_6.aspx","BULLTEK Power Bank Bulltek Y4J 10400M RED"
"1547143903-277","https://www.trovaprezzi.it/prezzi_cellulari_7.aspx","BRONDI EROS"
"1547143905-295","https://www.trovaprezzi.it/prezzi_cellulari_6.aspx","TIM Alcatel 1066 tim telefono cellulare display 1.8 memoria 4 mb colore nero"
"1547143894-181","https://www.trovaprezzi.it/prezzi_cellulari_11.aspx","Nokia 105 2017 Telefono Cellulare, 4 MB, Blu [Italia]"
"1547143883-86","https://www.trovaprezzi.it/prezzi_cellulari_16.aspx","Saiet like st-mc10 gold cellulare"
"1547143905-293","https://www.trovaprezzi.it/prezzi_cellulari_6.aspx","Archos Core 18F 4.5 cm (1.77'') 64 g Black,Grey Feature phone"
"1547143916-394","https://www.trovaprezzi.it/prezzi_cellulari_1.aspx","BULLTEK Power Bank Bulltek Y1E 2600MAH Blac"
"1547143877-28","https://www.trovaprezzi.it/prezzi_cellulari_19.aspx","Nokia Cellulare Nokia 130 Dual Sim 8GB nero (2017)"
"1547143898-221","https://www.trovaprezzi.it/prezzi_cellulari_9.aspx","Wiko Riff 3 Mobile Phone, Memoria espandibile fino a 32GB, Dual SIM, Bianco [Italia]"
"1547143886-106","https://www.trovaprezzi.it/prezzi_cellulari_15.aspx","alcatel CELLULARE ALCATEL OT 255 ROSSO"
"1547143894-197","https://www.trovaprezzi.it/prezzi_cellulari_11.aspx","NOKIA 105 (2017) DUAL SIM"
"1547143888-139","https://www.trovaprezzi.it/prezzi_cellulari_14.aspx","BRONDI BRIO NERO / ROSSO"
"1547143886-115","https://www.trovaprezzi.it/prezzi_cellulari_15.aspx","Trevi MAX 24 Telefono Cellulare per Anziani con Tasti Grandi, Grande Display, Base di Ricarica, Funzione SOS, Bluetooth, Radio FM, Oro"
"1547143916-396","https://www.trovaprezzi.it/prezzi_cellulari_1.aspx","BULLTEK Power Bank Bulltek Y1E 2600MAH Gree"
"1547143908-301","https://www.trovaprezzi.it/prezzi_cellulari_5.aspx","WIKO LUBI5"
"1547143875-18","https://www.trovaprezzi.it/prezzi_cellulari_20.aspx","PANASONIC KX-TU150EXB"
"1547143883-100","https://www.trovaprezzi.it/prezzi_cellulari_16.aspx","NOKIA 130 Dual SIM BLACK"
"1547143916-392","https://www.trovaprezzi.it/prezzi_cellulari_1.aspx","BULLTEK Power Bank Bulltek Y1E 2600MAH Oran"
"1547143908-314","https://www.trovaprezzi.it/prezzi_cellulari_5.aspx","BULLTEK Power Bank Bulltek P60K 6000 Yellow"
"1547143879-47","https://www.trovaprezzi.it/prezzi_cellulari_18.aspx","NORDMENDE BIG 200 WHITE"
"1547143888-134","https://www.trovaprezzi.it/prezzi_cellulari_14.aspx","NGM Compact White"
"1547143883-95","https://www.trovaprezzi.it/prezzi_cellulari_16.aspx","Nordmende Lite 310 Telefono Cellulare, Display da 1.77, Bianco [Versione Italiana]"
"1547143916-381","https://www.trovaprezzi.it/prezzi_cellulari_1.aspx","OEM Adatattatore DA Micro SIM A SIM"
"1547143914-376","https://www.trovaprezzi.it/prezzi_cellulari_2.aspx","TREVI Custodia UNIV. PER Smartphone Trevi"
"1547143894-184","https://www.trovaprezzi.it/prezzi_cellulari_11.aspx","WIKO RIFF 3 White"
"1547143908-315","https://www.trovaprezzi.it/prezzi_cellulari_5.aspx","BULLTEK Power Bank Bulltek P60K 6000 Geen +"
"1547143883-96","https://www.trovaprezzi.it/prezzi_cellulari_16.aspx","Nokia 130 2017 Telefono Cellulare, 8 GB, Nero"
"1547143881-66","https://www.trovaprezzi.it/prezzi_cellulari_17.aspx","BRONDI WINDOW GRIGIO"
"1547143896-219","https://www.trovaprezzi.it/prezzi_cellulari_10.aspx","Archos Core 18F Telefono Cellulare da 1.77, Grigio"
"1547143881-67","https://www.trovaprezzi.it/prezzi_cellulari_17.aspx","NOKIA 130 2017 DUAL SIM RED"
"1547143916-397","https://www.trovaprezzi.it/prezzi_cellulari_1.aspx","BULLTEK Power Bank Bulltek Y1E 2600MAH Whit"
"1547143886-109","https://www.trovaprezzi.it/prezzi_cellulari_15.aspx","TREVI Asta Selfie Bluetooth + Powerbank"
"1547143886-112","https://www.trovaprezzi.it/prezzi_cellulari_15.aspx","Brondi Telefono cellulare AMICO SEMPLICE+ NERO"
"1547143890-159","https://www.trovaprezzi.it/prezzi_cellulari_13.aspx","Nordmende Big 51 Telefono Cellulare, Memoria Interna da 16 MB, Nero [Versione Italiana]"
"1547143888-133","https://www.trovaprezzi.it/prezzi_cellulari_14.aspx","BRONDI BRIO NERO / TITANIO"
"1547143898-239","https://www.trovaprezzi.it/prezzi_cellulari_9.aspx","nodis CELLULARE DUAL SIM NODIS ND02 BIANCO"
"1547143894-185","https://www.trovaprezzi.it/prezzi_cellulari_11.aspx","WIKO Riff 3 Nero"
"1547143900-256","https://www.trovaprezzi.it/prezzi_cellulari_8.aspx","Brondi Oyster S 4,5 cm (1.77'') Rosso Caratteristica del telefono"
"1547143886-107","https://www.trovaprezzi.it/prezzi_cellulari_15.aspx","Wiko Telefono cellulare Riff 2 Black"
"1547143886-119","https://www.trovaprezzi.it/prezzi_cellulari_15.aspx","BULLTEK Power Bank White Universal 12000mah"
"1547143881-75","https://www.trovaprezzi.it/prezzi_cellulari_17.aspx","Maxcom 'Maxcom - Mod. MM720BBCZA - Telefono Cellulare da 2,2, Bluetooth, Lettore di Schede di Memoria, MMS, Colore: Nero"
"1547143898-237","https://www.trovaprezzi.it/prezzi_cellulari_9.aspx","nodis CELLULARE DUAL SIM NODIS ND02 NERO"
"1547143879-49","https://www.trovaprezzi.it/prezzi_cellulari_18.aspx","NGM C2 White"
"1547143898-222","https://www.trovaprezzi.it/prezzi_cellulari_9.aspx","Wiko Riff 3 Mobile Phone, Memoria espandibile fino a 32GB, Dual SIM, Nero [Italia]"
"1547143892-179","https://www.trovaprezzi.it/prezzi_cellulari_12.aspx","BRONDI Window"
"1547143886-117","https://www.trovaprezzi.it/prezzi_cellulari_15.aspx","Alcatel Cellulare Alcatel 2038X grigio [2038X-3BALIT1]"
"1547143903-276","https://www.trovaprezzi.it/prezzi_cellulari_7.aspx","BRONDI EROS AZZURRO"
"1547143890-155","https://www.trovaprezzi.it/prezzi_cellulari_13.aspx","Infinix x180 - Telefono cellulare sbloccato 2 G (Schermo: 1,77 pollici - 32 MB - Dual SIM) Rosso"
"1547143890-146","https://www.trovaprezzi.it/prezzi_cellulari_13.aspx","BRONDI FOX BIANCO"
"1547143900-258","https://www.trovaprezzi.it/prezzi_cellulari_8.aspx","Brondi Cellulare Brondi Ramos nero [10274020]"
"1547143886-114","https://www.trovaprezzi.it/prezzi_cellulari_15.aspx","Nokia CELLULARE NOKIA 100 PHANTON/MOBILTELEPHON NOKIA 100 PHANTON"
"1547143886-102","https://www.trovaprezzi.it/prezzi_cellulari_15.aspx","BRONDI OYSTER S AZZURRO"
"1547143914-368","https://www.trovaprezzi.it/prezzi_cellulari_2.aspx","INLINE Supporto Parabrezz 23156N Universal"
"1547143905-290","https://www.trovaprezzi.it/prezzi_cellulari_6.aspx","Alcatel Telefono cellulare Ot 10-54d"
"1547143903-269","https://www.trovaprezzi.it/prezzi_cellulari_7.aspx","TIM Alcatel 1066 Warm White"
"1547143890-142","https://www.trovaprezzi.it/prezzi_cellulari_13.aspx","Brondi Cellulare Brondi Window Doppia SIM 4,5 cm (1.77) 600 mAh Ioni di Litio"
"1547143905-281","https://www.trovaprezzi.it/prezzi_cellulari_6.aspx","WIKO Lubi 5 Nero"
"1547143890-143","https://www.trovaprezzi.it/prezzi_cellulari_13.aspx","Trevi SICURO 10 Telefono Cellulare per Anziani con Tasti Grandi, Funzione SOS, Base di Ricarica, Nero"
"1547143879-44","https://www.trovaprezzi.it/prezzi_cellulari_18.aspx","LG CELLULARE LG E410 L1"
"1547143898-228","https://www.trovaprezzi.it/prezzi_cellulari_9.aspx","Brondi Oyster S 1.77'' Nero Caratteristica del telefono"
"1547143905-284","https://www.trovaprezzi.it/prezzi_cellulari_6.aspx","Wiko Lubi 5 1.8'' 73g Bianco"
"1547143892-164","https://www.trovaprezzi.it/prezzi_cellulari_12.aspx","BRONDI Oyster S Nero"
"1547143888-140","https://www.trovaprezzi.it/prezzi_cellulari_14.aspx","BRONDI OYSTER S BIANCO"
"1547143892-180","https://www.trovaprezzi.it/prezzi_cellulari_12.aspx","BRONDI Fox Black"
"1547143877-33","https://www.trovaprezzi.it/prezzi_cellulari_19.aspx","MAJESTIC TLF-SILENO 30 BIANCO"
"1547143905-286","https://www.trovaprezzi.it/prezzi_cellulari_6.aspx","Brondi Cellulare Brondi Tex Dual Sim nero"
"1547143900-249","https://www.trovaprezzi.it/prezzi_cellulari_8.aspx","TECHNAXX Trasmettitore FM Auto FMT100 + MP3"
"1547143875-13","https://www.trovaprezzi.it/prezzi_cellulari_20.aspx","ALCATEL 2053D-2AALW81 Nero"
"1547143908-303","https://www.trovaprezzi.it/prezzi_cellulari_5.aspx","Glamme PU Agenda Glitter Fuchsia G4"
"1547143886-116","https://www.trovaprezzi.it/prezzi_cellulari_15.aspx","Trevi MAX 24 Telefono Cellulare per Anziani con Tasti Grandi, Grande Display, Base di Ricarica, Funzione SOS, Bluetooth, Radio FM, Nero"
"1547143879-53","https://www.trovaprezzi.it/prezzi_cellulari_18.aspx","NGM C2 Black"
"1547143894-187","https://www.trovaprezzi.it/prezzi_cellulari_11.aspx","Nokia Telefono cellulare 105 Dual Sim Black"
"1547143877-29","https://www.trovaprezzi.it/prezzi_cellulari_19.aspx","Nokia HMD Nokia 3310 Blu"
"1547143892-175","https://www.trovaprezzi.it/prezzi_cellulari_12.aspx","Brondi Window 1.77'' 78g Nero Caratteristica del telefono"
"1547143877-40","https://www.trovaprezzi.it/prezzi_cellulari_19.aspx","Doro PHONE EASY 5030 Telefono Cellulare, Champagne"
"1547143892-174","https://www.trovaprezzi.it/prezzi_cellulari_12.aspx","Saiet Telefono cellulare Saiet like st mb-20"
"1547143892-172","https://www.trovaprezzi.it/prezzi_cellulari_12.aspx","BULLTEK Power Bank Bulltek Y5K 13000M Black"
"1547143912-348","https://www.trovaprezzi.it/prezzi_cellulari_3.aspx","TECHNAXX Trasmettitore FM Auto + MP3 CON TEL"
"1547143877-31","https://www.trovaprezzi.it/prezzi_cellulari_19.aspx","NGM-Mobile Facile Si 1.77'' 83g Nero Telefono per anziani"
"1547143914-362","https://www.trovaprezzi.it/prezzi_cellulari_2.aspx","MODECOM Visore 3D Modecom FreeHands G3"
"1547143896-212","https://www.trovaprezzi.it/prezzi_cellulari_10.aspx","Nokia 105 telefono cellulare dual sim dispaly 1,8 pollici colore bianco"
"1547143875-5","https://www.trovaprezzi.it/prezzi_cellulari_20.aspx","Panasonic Telefono cellulare Kx-tu150exr"
"1547143916-388","https://www.trovaprezzi.it/prezzi_cellulari_1.aspx","BULLTEK Power Bank Bulltek Y1E 2600MAH Pink"
"1547143892-173","https://www.trovaprezzi.it/prezzi_cellulari_12.aspx","Brondi Oyster S Telefono Cellulare, Azzurro"
"1547143914-377","https://www.trovaprezzi.it/prezzi_cellulari_2.aspx","TREVI Custodia UNIV. PER Smartphone Trevi"
"1547143890-158","https://www.trovaprezzi.it/prezzi_cellulari_13.aspx","Brondi Tex Telefono Cellulare, Bianco"
"1547143903-279","https://www.trovaprezzi.it/prezzi_cellulari_7.aspx","WIKO LUBI5"
"1547143916-389","https://www.trovaprezzi.it/prezzi_cellulari_1.aspx","BULLTEK Power Bank Bulltek Y1I 2600MAH Viol"
"1547143892-176","https://www.trovaprezzi.it/prezzi_cellulari_12.aspx","BRONDI WINDOW"
"1547143886-103","https://www.trovaprezzi.it/prezzi_cellulari_15.aspx","BRONDI BRIO"
"1547143912-360","https://www.trovaprezzi.it/prezzi_cellulari_3.aspx","TUCANO Fascia DA Braccio X Smartphone Verd"
"1547143908-317","https://www.trovaprezzi.it/prezzi_cellulari_5.aspx","BULLTEK Power Bank Bulltek P60K 6000 BLU +"
"1547143890-141","https://www.trovaprezzi.it/prezzi_cellulari_13.aspx","alcatel CELLULARE ALCATEL OT 1035D GRIGIO SCURO"
"1547143914-372","https://www.trovaprezzi.it/prezzi_cellulari_2.aspx","CELLY Supporto UNIV. Airvent Minnigripevo"
"1547143886-105","https://www.trovaprezzi.it/prezzi_cellulari_15.aspx","BRONDI OYSTER S"
"1547143886-104","https://www.trovaprezzi.it/prezzi_cellulari_15.aspx","BRONDI OYSTER S"
"1547143896-211","https://www.trovaprezzi.it/prezzi_cellulari_10.aspx","Nokia 105 telefono cellulare dual sim display 1,8 pollici colore blu"
"1547143888-128","https://www.trovaprezzi.it/prezzi_cellulari_14.aspx","Archos F28 2.8'' 100g Giallo Caratteristica del telefono"
"1547143879-43","https://www.trovaprezzi.it/prezzi_cellulari_18.aspx","ALCATEL CELLULARI 2038X-3BALIT1"
"1547143898-230","https://www.trovaprezzi.it/prezzi_cellulari_9.aspx","Brondi fox dual sim telefono cellulare colore nero"
"1547143900-248","https://www.trovaprezzi.it/prezzi_cellulari_8.aspx","Wiko Cellulare Wiko Riff 3 2.4 2G Dual-Sim nero [WIKRIFF3BLAST]"
"1547143910-327","https://www.trovaprezzi.it/prezzi_cellulari_4.aspx","NGM B1"
"1547143910-329","https://www.trovaprezzi.it/prezzi_cellulari_4.aspx","TREVI Custodia UNIV. PER Smartphone Trevi"
"1547143908-306","https://www.trovaprezzi.it/prezzi_cellulari_5.aspx","Wiko Cellulare Wiko Lubi 4 Dual Sim 1,77 radio FM ,lettore Mp3, Bluetooth nero [WI.LUBI4BK]"
"1547143879-57","https://www.trovaprezzi.it/prezzi_cellulari_18.aspx","Nokia 216 Telefono Cellulare 16MB Display 2.4 2G Dual SIM 0.3MP Grigio Chiaro"
"1547143881-64","https://www.trovaprezzi.it/prezzi_cellulari_17.aspx","Maxcom Telefono cellulare Maxcom mm818"
"1547143875-11","https://www.trovaprezzi.it/prezzi_cellulari_20.aspx","DORO Primo 401 Rosso"
"1547143912-344","https://www.trovaprezzi.it/prezzi_cellulari_3.aspx","INLINE Ottica Smartphone 55493 Lente Polar"
"1547143890-144","https://www.trovaprezzi.it/prezzi_cellulari_13.aspx","BRONDI Rose Blade Cipria"
"1547143896-205","https://www.trovaprezzi.it/prezzi_cellulari_10.aspx","TTsims Telefono cellulare a conchiglia Flip TT140 Fotocamera Bluetooth Il telefono cellulare pieghevole più economico - Rosso"
"1547143900-250","https://www.trovaprezzi.it/prezzi_cellulari_8.aspx","Saiet Cellulare Saiet Like ST-MB20 nero [13500709]"
"1547143883-85","https://www.trovaprezzi.it/prezzi_cellulari_16.aspx","Nokia Cellulare Nokia 105 2017 Cellulare Italia DUAL SIM bianco"
"1547143888-122","https://www.trovaprezzi.it/prezzi_cellulari_14.aspx","AEG Voxtel M250 Telefono Cellulare con Grandi Tasti, Tasto Sos e Schermo LCD da 1.8, Nero"
"1547143877-23","https://www.trovaprezzi.it/prezzi_cellulari_19.aspx","Brondi Amico Semplice, colore Bianco - EasyPhone con display a colori da 1 77, Dual Sim, Tasto SOS"
"1547143879-55","https://www.trovaprezzi.it/prezzi_cellulari_18.aspx","PANASONIC KXTU150EXC"
"1547143914-367","https://www.trovaprezzi.it/prezzi_cellulari_2.aspx","alcatel CELLULARE ALCATEL OT505 ROSSO"
"1547143914-365","https://www.trovaprezzi.it/prezzi_cellulari_2.aspx","alcatel CELLULARE ALCATEL OT282 SENIOR/MOBILTELEFON ALCATEL OT282 SENIOR"
"1547143903-261","https://www.trovaprezzi.it/prezzi_cellulari_7.aspx","Wiko mobile Wiko lubi4 telefono cellulare dual sim 1,77 pollici colore nero"
"1547143877-32","https://www.trovaprezzi.it/prezzi_cellulari_19.aspx","MAJESTIC TLF SILENO 31 NERO"
"1547143912-347","https://www.trovaprezzi.it/prezzi_cellulari_3.aspx","CELLY Supporto Parabrezz Celly Ghostdash"
"1547143898-240","https://www.trovaprezzi.it/prezzi_cellulari_9.aspx","LG CELLULARE LG KP500 COOKIE nero/HANDY KP500 COOKIE nero"
"1547143881-78","https://www.trovaprezzi.it/prezzi_cellulari_17.aspx","LG CELLULARE LG T300 CON MP3/LG MOBILTELEFON T300"
"1547143881-65","https://www.trovaprezzi.it/prezzi_cellulari_17.aspx","NOKIA 130 2017 DUAL SIM GREY"
"1547143883-87","https://www.trovaprezzi.it/prezzi_cellulari_16.aspx","Nokia 130 2017 telefono cellulare dual sim display 1,8 memoria 8 mb colore rosso"
"1547143900-260","https://www.trovaprezzi.it/prezzi_cellulari_8.aspx","Brondi Oyster S 1.77 Nero Caratteristica del telefono GARANZIA ITALIA"
"1547143892-178","https://www.trovaprezzi.it/prezzi_cellulari_12.aspx","BRONDI Window"
"1547143892-168","https://www.trovaprezzi.it/prezzi_cellulari_12.aspx","CELLY Auricolare B.TOOTH Celly Bhsnailpk"
"1547143883-97","https://www.trovaprezzi.it/prezzi_cellulari_16.aspx","NOKIA Cellulare Dual Sim Nokia 130 nero A00028612"
"1547143912-357","https://www.trovaprezzi.it/prezzi_cellulari_3.aspx","TUCANO CUST. UNIV. X Smartphone M BLU"
"1547143881-68","https://www.trovaprezzi.it/prezzi_cellulari_17.aspx","NOKIA 130 2017 DUAL SIM BLACK"
"1547143894-198","https://www.trovaprezzi.it/prezzi_cellulari_11.aspx","NOKIA 105 (2017) DUAL SIM"
"1547143890-151","https://www.trovaprezzi.it/prezzi_cellulari_13.aspx","INLINE Auricolare Inline Earphone B.TOOTH"
"1547143898-234","https://www.trovaprezzi.it/prezzi_cellulari_9.aspx","NOONTEC Power Bank Noontec Cube 10000M BK"
"1547143898-225","https://www.trovaprezzi.it/prezzi_cellulari_9.aspx","Brondi Gold Blade 2.4'' Oro Caratteristica del telefono"
"1547143896-209","https://www.trovaprezzi.it/prezzi_cellulari_10.aspx","Brondi Fox 1.77 74g Bianco Caratteristica del telefono GARANZIA ITALIA"
"1547143916-399","https://www.trovaprezzi.it/prezzi_cellulari_1.aspx","TREVI Custodia CQ45 KIT Tricolor X 4.5Q2"
"1547143916-393","https://www.trovaprezzi.it/prezzi_cellulari_1.aspx","BULLTEK Power Bank Bulltek Y1I 2600MAH Silv"
"1547143886-108","https://www.trovaprezzi.it/prezzi_cellulari_15.aspx","Brondi Cellulare Brondi Window"
"1547143908-319","https://www.trovaprezzi.it/prezzi_cellulari_5.aspx","Wiko Cellulare Wiko Lubi5 Si 1.8'' QVGA Mini SIM 800 mAh Li-ion"
"1547143894-195","https://www.trovaprezzi.it/prezzi_cellulari_11.aspx","NOKIA 105 (2017) DUAL SIM"
"1547143892-165","https://www.trovaprezzi.it/prezzi_cellulari_12.aspx","BRONDI Oyster S Bianco"
"1547143879-48","https://www.trovaprezzi.it/prezzi_cellulari_18.aspx","NORDMENDE BIG 200 BLACK"
"1547143903-268","https://www.trovaprezzi.it/prezzi_cellulari_7.aspx","BRONDI EROS NERO"
"1547143903-265","https://www.trovaprezzi.it/prezzi_cellulari_7.aspx","Alcatel Telefono cellulare Alcatel 1066d-2aalit1"
"1547143890-150","https://www.trovaprezzi.it/prezzi_cellulari_13.aspx","BRONDI FOX"
"1547143875-20","https://www.trovaprezzi.it/prezzi_cellulari_20.aspx","Brondi magnum 3 telefono cellulare dual sim 3 pollici flip attivo fotocamera 1,3 mp colore nero"
"1547143892-170","https://www.trovaprezzi.it/prezzi_cellulari_12.aspx","CELLY Auricolare B.TOOTH Celly Bhsnailrd"
"1547143916-391","https://www.trovaprezzi.it/prezzi_cellulari_1.aspx","BULLTEK Power Bank Bulltek Y1E 2600MAH Yell"
"1547143875-16","https://www.trovaprezzi.it/prezzi_cellulari_20.aspx","PANASONIC KX-TU150EXC"
"1547143892-161","https://www.trovaprezzi.it/prezzi_cellulari_12.aspx","INLINE Power Bank Inline 01471 4000MAH"
"1547143894-193","https://www.trovaprezzi.it/prezzi_cellulari_11.aspx","WIKO RIFF3"
"1547143903-273","https://www.trovaprezzi.it/prezzi_cellulari_7.aspx","NGM Simple Black"
"1547143886-113","https://www.trovaprezzi.it/prezzi_cellulari_15.aspx","Brondi Amico Semplice Plus 1.8'' Nero"
"1547143898-231","https://www.trovaprezzi.it/prezzi_cellulari_9.aspx","TP-LINK Power Bank TP-LINK TL-PB10400 MHZ"
"1547143875-2","https://www.trovaprezzi.it/prezzi_cellulari_20.aspx","DORO Primo 401 Nero"
"1547143888-138","https://www.trovaprezzi.it/prezzi_cellulari_14.aspx","MAJESTIC TLF SILENO 30 NERO"
"1547143908-316","https://www.trovaprezzi.it/prezzi_cellulari_5.aspx","BULLTEK Power Bank Bulltek P60K 6000 Pink +"
"1547143905-300","https://www.trovaprezzi.it/prezzi_cellulari_6.aspx","Majestic Cellulare Majestic LUCKY 56 Si 2.4"" 0.3 Mpixel Litio da 600mAh 300056"
"1547143877-36","https://www.trovaprezzi.it/prezzi_cellulari_19.aspx","Archos Flip 2 Telefono Cellulare, Nero"
"1547143908-311","https://www.trovaprezzi.it/prezzi_cellulari_5.aspx","ALCATEL 10.54D GREY"
"1547143888-125","https://www.trovaprezzi.it/prezzi_cellulari_14.aspx","BRONDI Gold Blade"
"1547143881-62","https://www.trovaprezzi.it/prezzi_cellulari_17.aspx","TTfone Mercury 2 Telefono Cellulare con Tasti Grandi, Nero"
"1547143890-157","https://www.trovaprezzi.it/prezzi_cellulari_13.aspx","Disney Lexibook GSM20FZ - Telefono Cellulare Design Frozen, Design Olaf, Dual SIM, Schermo TFT, 16GB, Funzioni Tradizionali, Contenuti Personalizzati, Blu"
"1547143875-14","https://www.trovaprezzi.it/prezzi_cellulari_20.aspx","DORO Primo 401 Nero"
"1547143879-54","https://www.trovaprezzi.it/prezzi_cellulari_18.aspx","Panasonic Cellulare Panasonic TU150 2.4 rosso [TU150EXR]"
"1547143881-72","https://www.trovaprezzi.it/prezzi_cellulari_17.aspx","NOKIA 130 (2017) Dual SIM"
"1547143894-199","https://www.trovaprezzi.it/prezzi_cellulari_11.aspx","BRONDI OYSTER S"
"1547143898-226","https://www.trovaprezzi.it/prezzi_cellulari_9.aspx","Brondi Telefono cellulare Gold Blade"
"1547143905-294","https://www.trovaprezzi.it/prezzi_cellulari_6.aspx","TIM Alcatel 1054x colore bianco,nero tim"
"1547143898-224","https://www.trovaprezzi.it/prezzi_cellulari_9.aspx","Brondi Blade Telefono Cellulare, Oro"
"1547143916-398","https://www.trovaprezzi.it/prezzi_cellulari_1.aspx","BULLTEK Power Bank Bulltek Y1I 2600MAH Blac"
"1547143914-380","https://www.trovaprezzi.it/prezzi_cellulari_2.aspx","OEM Remote Controll X Smartphone IOS+AN"
"1547143910-321","https://www.trovaprezzi.it/prezzi_cellulari_4.aspx","TUCANO Fascia DA Braccio X Smartphone BLU"
"1547143898-233","https://www.trovaprezzi.it/prezzi_cellulari_9.aspx","CELLY Auricolare Bluetooth Celly Btdongle"
"1547143881-77","https://www.trovaprezzi.it/prezzi_cellulari_17.aspx","LG SMARTPHONE LG D160 L40/SMARTPHONE LG D160 L40"
"1547143903-263","https://www.trovaprezzi.it/prezzi_cellulari_7.aspx","alcatel CELLULARE ALCATEL OT132/ALCATEL OT132"
